{"cameraMode":{"drawMode":0,"name":"Shaded","section":"Shading Mode"},"sceneLighting":false,"audioPlay":false,"sceneViewState":{"m_AlwaysRefresh":false,"showFog":false,"showSkybox":false,"showFlares":false,"showImageEffects":false,"showParticleSystems":false,"showVisualEffectGraphs":true,"m_FxEnabled":true},"in2DMode":false,"pivot":{"x":527.8115844726563,"y":276.18914794921877,"z":0.30339717864990237},"rotation":{"x":-0.09456919878721237,"y":0.04537595063447952,"z":-0.004315355326980352,"w":-0.9944732189178467},"size":329.71063232421877,"orthographic":false}